{"cameraMode":{"drawMode":0,"name":"Shaded","section":"Shading Mode"},"sceneLighting":true,"audioPlay":false,"sceneViewState":{"showFog":true,"showMaterialUpdate":true,"showSkybox":true,"showFlares":true,"showImageEffects":false,"showParticleSystems":true},"in2DMode":false,"pivot":{"x":-14.651463508605957,"y":-2.536311149597168,"z":-0.8505297303199768},"rotation":{"x":0.10142245143651962,"y":-0.679110050201416,"z":0.09557073563337326,"w":0.7207068800926209},"size":22.0,"orthographic":false}