{"cameraMode":{"drawMode":0,"name":"Shaded","section":"Shading Mode"},"sceneLighting":true,"audioPlay":false,"sceneViewState":{"showFog":true,"showMaterialUpdate":true,"showSkybox":true,"showFlares":true,"showImageEffects":false,"showParticleSystems":true},"in2DMode":false,"pivot":{"x":15.943967819213868,"y":-10.237380027770996,"z":6.734804630279541},"rotation":{"x":0.21337570250034333,"y":0.6483601927757263,"z":-0.19652967154979707,"w":0.7039565443992615},"size":23.975900650024415,"orthographic":false}